Exemplo,Historia_Credito,Divida,Garantia,Renda,Emprego,Patrimonio,Risco
E1,Ruim,Alta,Nenhuma,0-15k,Instavel,Baixo,Alto
E2,Desconhecida,Alta,Nenhuma,15-35k,Instavel,Baixo,Alto
E3,Desconhecida,Baixa,Nenhuma,15-35k,Estavel,Medio,Moderado
E4,Desconhecida,Baixa,Nenhuma,0-15k,Instavel,Baixo,Alto
E5,Desconhecida,Baixa,Nenhuma,>35k,Estavel,Alto,Baixo
E6,Desconhecida,Baixa,Adequada,>35k,Estavel,Alto,Baixo
E7,Ruim,Baixa,Nenhuma,0-15k,Instavel,Baixo,Alto
E8,Ruim,Baixa,Adequada,>35k,Estavel,Medio,Moderado
E9,Boa,Baixa,Nenhuma,>35k,Estavel,Alto,Baixo
E10,Boa,Alta,Adequada,>35k,Estavel,Alto,Baixo
E11,Boa,Alta,Nenhuma,0-15k,Instavel,Baixo,Alto
E12,Boa,Alta,Nenhuma,15-35k,Estavel,Medio,Moderado
E13,Boa,Alta,Nenhuma,>35k,Estavel,Alto,Baixo
E14,Ruim,Alta,Nenhuma,15-35k,Instavel,Baixo,Alto
E15,Boa,Baixa,Adequada,>35k,Estavel,Alto,Baixo
E16,Ruim,Alta,Nenhuma,0-15k,Instavel,Baixo,Alto
E17,Desconhecida,Baixa,Adequada,15-35k,Estavel,Medio,Moderado
E18,Boa,Baixa,Nenhuma,15-35k,Estavel,Medio,Moderado
E19,Boa,Baixa,Adequada,>35k,Estavel,Medio,Baixo
E20,Ruim,Alta,Nenhuma,15-35k,Instavel,Baixo,Alto
E21,Desconhecida,Alta,Nenhuma,0-15k,Instavel,Baixo,Alto
E22,Boa,Baixa,Adequada,15-35k,Estavel,Medio,Moderado
E23,Desconhecida,Baixa,Nenhuma,>35k,Estavel,Alto,Baixo
E24,Ruim,Baixa,Adequada,>35k,Estavel,Medio,Moderado
E25,Boa,Alta,Adequada,>35k,Estavel,Alto,Baixo
E26,Desconhecida,Alta,Nenhuma,15-35k,Instavel,Medio,Alto
E27,Boa,Baixa,Nenhuma,>35k,Estavel,Alto,Baixo
E28,Ruim,Baixa,Nenhuma,0-15k,Instavel,Baixo,Alto
E29,Desconhecida,Baixa,Adequada,15-35k,Estavel,Medio,Moderado
E30,Boa,Alta,Nenhuma,15-35k,Estavel,Medio,Moderado
